date,nav
2026-04-08,254.5024
2026-03-08,254.1965
,252.2089
,251.6049
,253.4389
,250.1527
,251.2699
,249.2715
,248.7576
,250.0375
,255.4054
,255.1596
,254.1999
,254.0699
,253.6838
,252.6488
,253.792
2026-10-07,252.7536
2026-09-07,250.2146
2026-08-07,246.671
2026-07-07,250.0029
2026-06-07,250.9377
2026-03-07,251.3342
2026-02-07,251.5008
2026-01-07,250.4484
,250.954
,250.6494
,249.312
,249.8412
,249.9814
,252.0694
,251.5713
,249.1553
,246.3925
,245.2402
,244.629
2026-12-06,244.7205
2026-11-06,240.5886
2026-10-06,241.9186
2026-09-06,244.2347
2026-08-06,242.1594
2026-05-06,246.0878
2026-04-06,246.0784
2026-03-06,245.6593
2026-02-06,246.8566
2026-01-06,246.9814
,248.6673
,251.2273
,251.2702
,249.2266
,247.8039
,248.8853
,244.7199
,241.6771
,241.2615
,242.0952
,243.5314
,240.0746
2026-12-05,238.1528
2026-11-05,242.7219
2026-08-05,244.6201
2026-07-05,245.6055
2026-06-05,245.3878
2026-05-05,242.9594
2026-04-05,242.7655
,240.5353
,242.345
,242.6241
,241.2517
,238.1456
,239.7583
,238.5702
,236.4598
,235.1961
,236.2133
,233.318
,231.5434
,226.9809
2026-10-04,228.6993
2026-09-04,224.6235
2026-08-04,224.5909
2026-07-04,217.9604
2026-06-04,217.6413
2026-02-04,216.2795
2026-01-04,216.7627
,212.3571
,212.3561
,215.979
,218.6866
,214.9164
,210.115
,215.8819
,214.0899
,219.4077
,215.8723
,213.4091
,212.7884
2026-12-03,216.8313
2026-11-03,217.2638
2026-10-03,217.2151
2026-09-03,213.7211
2026-06-03,215.1244
2026-05-03,216.0433
2026-04-03,213.8632
2026-02-03,217.4449
,221.2108
,223.828
,222.6482
,220.5605
,221.7051
,221.3408
,220.4132
,223.2608
,222.9773
,222.4954
,222.5748
2026-12-02,225.4245
2026-11-02,225.6929
2026-10-02,225.1996
2026-09-02,224.5198
2026-06-02,221.7398
2026-05-02,220.8275
2026-04-02,220.8543
2026-03-02,220.1536
2026-02-02,215.3687
,217.3627
,215.8206
,216.5481
,214.5324
,214.913
,218.2378
,216.4631
,220.3003
,224.6687
,224.9528
,225.3953
,225.4815
2026-12-01,226.2587
2026-09-01,227.0265
2026-08-01,229.2263
2026-07-01,233.3132
2026-06-01,233.0409
2026-05-01,234.5069
2026-02-01,236.4132
2026-01-01,235.259
,235.5063
,234.3754
,235.9854
,236.9848
,237.653
,238.7629
,238.0447
,236.9631
,234.7045
,234.3133
,235.7084
,238.3773
2025-12-12,238.1125
2025-11-12,236.1615
2025-10-12,234.2746
2025-09-12,234.7247
2025-08-12,234.3084
2025-05-12,238.011
2025-04-12,238.0141
2025-03-12,238.6028
2025-02-12,239.2874
2025-01-12,240.1195
,240.0428
,240.9565
,240.6092
,237.4439
,238.0858
,240.214
,242.1044
,241.8587
,241.3464
,242.3625
,240.1422
,240.6851
2025-12-11,240.8333
2025-11-11,239.2695
2025-10-11,239.0148
2025-07-11,238.5395
2025-06-11,238.3367
2025-04-11,241.3991
2025-03-11,242.436
,241.241
,241.5912
,242.1269
,240.5906
,241.1116
,238.5586
,238.1741
,238.5658
,237.9585
,239.7386
,238.4586
,236.6668
,237.2262
2025-10-10,238.7569
2025-09-10,235.938
2025-08-10,232.7811
2025-07-10,233.9591
2025-06-10,233.8185
2025-03-10,233.3789
2025-01-10,231.3691
,229.5282
,229.743
,233.8771
,235.1127
,236.4453
,236.6308
,238.7551
,239.2009
,238.4804
,238.5553
,236.803
2025-12-09,235.5009
2025-11-09,234.5814
2025-10-09,232.9172
2025-09-09,231.7601
2025-08-09,230.3334
2025-05-09,230.0261
2025-04-09,230.3147
2025-03-09,231.8308
2025-02-09,230.2564
2025-01-09,230.56
,228.1841
,228.6161
,231.5244
,234.8266
,234.6473
,235.9925
,237.6875
,238.1606
,235.8966
,235.4145
,235.0528
2025-12-08,233.816
2025-11-08,234.2709
2025-08-08,232.4897
2025-07-08,235.6791
2025-06-08,235.1393
2025-05-08,236.2507
2025-04-08,237.9836
2025-01-08,235.534
,240.1581
,243.4561
,243.0613
,240.377
,242.2285
,244.7259
,245.9123
,244.27
,246.4861
,246.0588
,247.6199
,247.8651
,247.6496
,246.3603
2025-11-07,245.4267
2025-10-07,247.9259
2025-09-07,248.2505
2025-08-07,249.0142
2025-07-07,249.6877
2025-04-07,250.2343
2025-03-07,248.6183
2025-02-07,249.1057
2025-01-07,248.2882
,247.8273
,247.1461
,246.3223
,243.8775
,242.5875
,242.2674
,241.4383
,238.563
,241.9956
,243.2315
,245.615
,243.6935
2025-12-06,245.0736
2025-11-06,248.6657
2025-10-06,248.9619
2025-09-06,249.3853
2025-06-06,246.8539
2025-05-06,246.359
2025-04-06,244.5563
2025-03-06,242.9149
2025-02-06,242.9849
,243.2881
,245.5956
,244.1898
,244.8471
,244.6617
,243.1778
,242.5125
,243.7466
,241.4405
,244.8396
,245.9744
,244.8228
,242.8323
,239.3958
2025-12-05,239.4642
2025-09-05,231.1589
2025-08-05,231.2396
2025-07-05,235.412
2025-06-05,233.2886
2025-05-05,238.1259
2025-02-05,234.7715
,236.4184
,237.5659
,237.8403
,234.1117
,239.2636
,239.1752
,237.2151
,236.1813
,233.07
,231.0771
,229.1942
2025-11-04,223.7678
2025-09-04,220.3787
2025-08-04,221.4525
2025-07-04,216.2363
2025-04-04,223.1421
2025-03-04,230.6728
2025-02-04,229.4658
2025-01-04,226.6597
,227.7234
,227.7198
,228.4303
,226.7785
,228.5638
,231.563
,228.9535
,226.422
,224.1758
,219.8179
,216.0426
,215.2816
2025-12-03,216.5917
2025-11-03,215.8426
2025-10-03,215.3282
2025-07-03,217.7349
2025-06-03,217.3614
2025-05-03,214.3513
2025-04-03,208.1479
2025-03-03,208.6743
,209.9337
,215.2527
,217.6951
,219.5091
,222.1916
,223.4854
,221.7637
,219.7878
,221.5414
,220.1629
,224.7555
2025-12-02,223.747
2025-11-02,223.6698
2025-10-02,228.5437
2025-07-02,232.7949
2025-06-02,233.5121
2025-05-02,234.77
2025-04-02,233.8514
2025-03-02,229.5876
,238.7459
,234.0211
,232.2161
,228.974
,230.121
,236.8418
,240.142
,238.0652
,240.1773
,243.3888
,241.8513
,239.087
,236.8193
,237.2368
,232.2336
2025-10-01,240.3735
2025-09-01,243.7067
2025-08-01,245.6596
2025-07-01,246.128
2025-06-01,245.1046
2025-03-01,251.7558
2025-02-01,251.2933
2025-01-01,248.1978
,246.4922
,243.4722
,244.066
,244.0038
,244.3331
,244.1149
,242.1542
,247.0122
,249.1512
,250.2968
,253.2194
,252.2245
2024-12-12,252.263
2024-11-12,254.5099
2024-10-12,253.2317
2024-09-12,253.7464
2024-06-12,253.4045
2024-05-12,253.0051
2024-04-12,252.6181
2024-03-12,252.2592
2024-02-12,250.6584
,249.1551
,247.0727
,246.6074
,245.178
,244.5513
,240.6317
,236.6909
,240.0088
,239.481
,240.3952
,240.373
2024-12-11,244.9038
2024-11-11,248.0054
2024-08-11,250.1345
2024-07-11,253.7427
2024-06-11,256.9198
2024-05-11,252.3112
2024-04-11,251.6918
,253.5332
,255.0505
,251.7044
,250.392
,249.7438
,254.332
,254.7688
,254.9976
,260.1379
,263.2812
,262.7987
,265.5359
,265.9668
,266.9509
2024-11-10,266.9949
2024-10-10,265.5001
2024-09-10,267.5266
2024-08-10,266.6238
2024-07-10,262.0336
2024-04-10,268.0292
2024-03-10,270.3234
2024-01-10,274.7178
,274.5914
,276.8504
,275.1799
,273.8049
,273.07
,272.0416
,270.5107
,268.5655
,270.8616
,272.8506
,273.4417
,274.1736
2024-12-09,271.53
2024-11-09,268.7056
2024-10-09,270.5326
2024-09-09,268.7608
2024-06-09,269.5129
2024-05-09,270.8388
2024-04-09,271.3858
2024-03-09,271.965
2024-02-09,271.6547
,271.8752
,272.5436
,273.5284
,274.5194
,275.7407
,273.0467
,274.1903
,273.4851
,272.1785
,270.7532
,268.1138
,264.9184
,266.6449
2024-12-08,267.8991
2024-09-08,267.936
2024-08-08,269.6324
2024-07-08,269.1662
2024-06-08,263.3229
2024-05-08,265.4979
2024-02-08,274.6382
2024-01-08,277.2299
,278.0632
,276.394
,276.5895
,275.7654
,271.9495
,272.8352
,271.8225
,273.1838
,272.5587
,278.1595
,281.0543
,281.1083
2024-12-07,278.2819
2024-11-07,278.2463
2024-10-07,277.7518
2024-09-07,279.5706
2024-08-07,277.6996
2024-05-07,278.4743
2024-04-07,276.7635
2024-03-07,275.9579
2024-02-07,273.4437
2024-01-07,272.8824
,270.8515
,269.7836
,269.6398
,270.0778
,269.8448
,272.385
,273.0696
,271.0897
,273.3525
,272.7989
,271.1238
2024-12-06,270.1379
2024-11-06,266.9125
2024-10-06,264.3561
2024-07-06,264.4803
2024-06-06,260.5948
2024-05-06,256.1055
2024-04-06,246.1066
2024-03-06,269.8003
,260.132
,258.6151
,259.0983
,259.1987
,261.4705
,264.4223
,264.2809
,262.3579
,263.7411
,258.8589
,254.8362
,253.3955
,252.3782
,247.7744
2024-10-05,246.5479
2024-09-05,243.9372
2024-08-05,248.6217
2024-07-05,246.4945
2024-06-05,252.0095
2024-03-05,254.9479
2024-02-05,255.2092
,252.92
,252.8921
,254.0366
,249.7039
,247.1766
,244.5888
,242.4256
,240.6565
,241.6394
,240.657
,239.8675
2024-12-04,242.7975
2024-10-04,244.7396
2024-09-04,242.3212
2024-08-04,242.6806
2024-05-04,242.7884
2024-04-04,242.4742
2024-03-04,243.228
2024-02-04,240.2601
2024-01-04,237.4406
,233.2192
,233.2261
,231.2945
,230.4922
,228.6795
,228.5007
,224.0817
,223.281
,227.5049
,223.9447
,226.1193
,222.2214
2024-12-03,233.8408
2024-11-03,235.0175
2024-07-03,236.2258
2024-06-03,235.9664
2024-05-03,237.785
2024-04-03,237.4278
2024-01-03,231.8163
,228.3154
,227.1551
,230.4211
,231.8795
,233.061
,232.5025
,229.8352
,232.8586
,233.2058
,231.4292
,230.8369
,226.8667
,224.633
2024-12-02,223.6698
2024-09-02,229.718
2024-08-02,230.7531
2024-07-02,230.5055
2024-06-02,229.7084
2024-05-02,227.471
2024-02-02,224.8078
2024-01-02,221.5425
,222.4922
,220.0328
,221.2243
,216.4988
,214.264
,210.7529
,217.1791
,212.8968
,209.5256
,212.2606
,213.8548
2024-12-01,211.1379
2024-11-01,210.0325
2024-10-01,208.8334
2024-09-01,208.2746
2024-08-01,207.5449
2024-05-01,210.1649
2024-04-01,210.044
2024-03-01,207.2425
2024-02-01,206.992
2024-01-01,205.9027
,204.9528
,204.9905
,201.6236
,201.2701
,200.7116
,200.3601
,195.5966
,202.1036
,202.5117
,201.5599
,200.3266
,198.1083
2023-12-12,197.3596
2023-11-12,199.035
2023-08-12,197.9955
2023-07-12,200.4017
2023-06-12,198.8836
2023-05-12,198.5721
2023-04-12,197.1594
2023-01-12,195.4307
,193.1175
,191.4374
,190.1236
,188.3907
,187.2964
,187.7058
,187.9369
,187.4619
,187.8988
,188.056
,186.2844
,185.9812
2023-10-11,184.5793
2023-09-11,184.0495
2023-08-11,184.4927
2023-07-11,182.9201
2023-06-11,182.0635
2023-03-11,180.4761
2023-02-11,179.9886
2023-01-11,176.6655
,176.4723
,176.3726
,175.7887
,173.6302
,174.6533
,175.6322
,180.2728
,182.8728
,182.6142
,184.7153
,184.1322
,183.7232
2023-12-10,184.6935
2023-11-10,181.7082
2023-10-10,180.4485
2023-09-10,177.6778
2023-06-10,180.1273
2023-05-10,179.3514
2023-04-10,179.6064
2023-03-10,182.3246
,182.3211
,182.1994
,180.7082
,180.2127
,178.4228
,178.7128
,179.8008
,181.3955
,181.8206
,181.7795
,180.7573
2023-12-09,178.5377
2023-11-09,182.7023
2023-08-09,180.5312
2023-07-09,179.0615
2023-06-09,178.4506
2023-05-09,179.1531
2023-04-09,177.596
2023-01-09,175.3529
,172.7257
,172.8789
,171.7431
,171.586
,170.4103
,171.3185
,172.3817
,172.4517
,171.144
,170.2542
,170.2875
,169.9728
,169.3751
2023-11-08,170.0636
2023-10-08,170.7599
2023-09-08,170.3286
2023-08-08,169.607
2023-07-08,168.9046
2023-04-08,168.0284
2023-03-08,167.6171
2023-02-08,167.2217
2023-01-08,170.487
,171.122
,170.6053
,169.3005
,168.3166
,165.269
,164.4436
,164.2707
,164.8306
,164.0955
,162.7716
,163.2076
,161.9301
,159.8087
2023-12-07,161.5415
2023-11-07,161.057
2023-10-07,160.0343
2023-07-07,160.1835
2023-06-07,160.4979
2023-05-07,159.31
2023-04-07,158.4254
2023-03-07,158.3986
,156.8776
,155.6911
,154.6907
,153.8963
,153.1875
,154.5586
,156.3535
,154.9588
,154.5752
,154.8056
,153.6912
,154.3517
,153.7676
2023-12-06,151.3219
2023-09-06,150.4985
2023-08-06,150.4792
2023-07-06,151.5583
2023-06-06,149.9541
2023-05-06,149.8771
2023-02-06,149.2749
2023-01-06,148.8214
,148.2521
,148.2581
,147.2131
,146.9907
,145.579
,145.2001
,145.2943
,145.2982
,144.5852
,144.5564
,145.5436
,146.0016
,146.1892
2023-12-05,145.3671
2023-11-05,146.0869
2023-10-05,146.4076
2023-09-05,146.9646
2023-08-05,147.3298
2023-05-05,146.2396
2023-04-05,148.1713
2023-03-05,146.9304
2023-02-05,147.4707
,146.3658
,143.9685
,143.8899
,143.2685
,143.0605
,142.112
,142.8697
,142.7704
,142.8466
,142.8324
,142.5051
2023-12-04,142.1034
2023-11-04,141.9336
2023-10-04,141.253
2023-06-04,140.8973
2023-05-04,140.1858
2023-03-04,140.0803
,139.1977
,137.2099
,134.8072
,135.0155
,135.3902
,136.7699
,137.8024
,137.424
,136.2904
,137.9719
,137.7193
,137.8601
,137.9846
,139.6585
2023-10-03,142.5247
2023-09-03,144.0023
2023-08-03,144.8362
2023-06-03,143.9738
2023-03-03,143.2378
2023-02-03,141.2125
2023-01-03,141.0957
,139.4266
,139.1144
,139.7942
,141.2408
,141.1745
,142.6417
,143.177
,143.2164
,144.3178
,143.1622
,141.9587
,141.6187
2023-10-02,142.8888
2023-09-02,142.1272
2023-08-02,142.2113
2023-07-02,141.3997
2023-06-02,142.1399
2023-03-02,141.8329
2023-02-02,141.4343
2023-01-02,141.189
,144.6578
,141.1836
,141.3707
,146.0043
,149.1414
,150.2557
,150.0517
,150.8009
,150.7411
,150.919
,151.418
,151.2559
2023-12-01,150.5384
2023-11-01,151.3555
2023-10-01,150.9817
2023-09-01,152.2843
2023-06-01,150.5603
2023-05-01,151.8208
2023-04-01,150.964
2023-03-01,152.9569
2023-02-01,152.1024
,150.2585
,148.6537
,148.2089
,148.0385
,145.8291
,140.3861
,146.8345
,148.566
,152.0756
,152.521
,151.1821
,153.8581
,155.6215
,155.1466
2022-12-12,153.6017
2022-09-12,152.6343
2022-08-12,154.7371
2022-07-12,152.6613
2022-06-12,152.9156
2022-05-12,153.079
2022-02-12,152.3886
2022-01-12,151.3128
,149.665
,149.7115
,149.9924
,149.2333
,147.5941
,147.0259
,146.2966
,145.1487
,144.3165
,144.0831
,144.3685
,145.8004
,145.9642
2022-11-11,146.303
2022-10-11,146.8062
2022-09-11,147.5742
2022-07-11,146.1047
2022-04-11,145.65
2022-03-11,145.4311
2022-02-11,144.3572
2022-01-11,144.4554
,144.5066
,143.3029
,143.6154
,142.4703
,141.3402
,142.4291
,142.1461
,142.0911
,140.1157
,139.0192
,139.159
2022-12-10,140.5843
2022-11-10,139.2999
2022-10-10,142.0986
2022-07-10,142.9606
2022-06-10,142.8724
2022-04-10,141.5815
2022-03-10,137.917
,140.7102
,138.4288
,137.5252
,139.239
,138.9011
,143.7564
,147.0275
,147.089
,148.0999
,146.4419
,144.6279
,148.0874
,147.7233
,147.0281
2022-12-09,146.6505
2022-09-09,145.2952
2022-08-09,144.5818
2022-07-09,143.2948
2022-06-09,142.6098
2022-05-09,142.5414
2022-02-09,141.5479
2022-01-09,140.3487
,139.8072
,137.4254
,138.0588
,136.5525
,137.2337
,135.7256
,134.4195
,135.94
,136.2458
,136.0795
,136.1543
2022-12-08,134.4421
2022-11-08,134.6731
2022-10-08,133.684
2022-08-08,134.0048
2022-05-08,133.3098
2022-04-08,132.7787
2022-03-08,133.9674
2022-02-08,134.5169
2022-01-08,134.3873
,132.6375
,131.0739
,130.9163
,129.8095
,130.5051
,130.4869
,130.3175
,128.3494
,128.5486
,127.6418
,125.9286
,125.1583
,125.9255
2022-12-07,126.1713
2022-11-07,126.5195
2022-08-07,125.3723
2022-07-07,125.0387
2022-06-07,123.1503
2022-05-07,121.5446
2022-04-07,121.6048
2022-01-07,120.3586
,119.9835
,121.3045
,121.3901
,120.9324
,119.9259
,118.0699
,116.656
,119.1233
,115.4594
,117.286
,117.8647
,120.9835
,121.4934
,121.5062
2022-10-06,125.7057
2022-09-06,126.4198
2022-08-06,125.6039
2022-07-06,126.1756
2022-06-06,126.8011
2022-03-06,127.1436
2022-02-06,128.9305
2022-01-06,127.7555
,127.6661
,128.3099
,125.3669
,123.7339
,122.4912
,125.0677
,126.5524
,127.5141
,123.9027
,127.1144
,126.9614
,123.2696
,120.7455
2022-12-05,120.1196
2022-11-05,122.6652
2022-10-05,124.5986
2022-09-05,127.1131
2022-06-05,129.5722
2022-05-05,130.9687
2022-04-05,130.5776
2022-02-05,135.1252
,135.4238
,136.1467
,135.4855
,135.9278
,133.3753
,136.7078
,138.0841
,136.0407
,136.215
,138.4153
,139.5462
2022-12-04,140.066
2022-11-04,141.742
2022-08-04,141.3035
2022-07-04,138.7343
2022-06-04,139.2868
2022-05-04,138.396
2022-04-04,138.1757
2022-01-04,137.1696
,135.6836
,134.3213
,132.7146
,130.1468
,130.6546
,130.0787
,127.2515
,126.368
,126.3259
,125.8022
,124.5593
,122.4305
,122.8303
2022-11-03,122.6214
2022-10-03,122.1145
2022-09-03,121.8261
2022-08-03,118.3143
2022-07-03,116.5848
2022-04-03,118.5841
2022-03-03,121.306
2022-02-03,120.9498
,121.3314
,120.143
,115.354
,122.4841
,122.14
,124.0226
,125.0481
,126.1227
,126.5886
,126.5317
,123.3325
2022-11-02,128.1104
2022-10-02,130.321
2022-09-02,129.718
2022-08-02,128.2557
2022-07-02,129.3986
2022-04-02,130.6492
2022-03-02,131.6462
2022-02-02,132.0523
2022-01-02,129.7313
,128.1208
,126.2127
,124.5614
,124.1798
,122.3992
,126.9673
,129.1206
,129.4117
,129.7285
,131.6676
,131.3247
,130.9552
2022-12-01,130.4142
2022-11-01,128.9376
2022-10-01,128.6834
2022-07-01,126.9977
2022-06-01,127.2091
2022-05-01,127.2368
2022-04-01,126.4906
2022-03-01,126.5068
,125.2807
,123.8013
,124.4717
,124.576
,123.3188
,122.874
,124.1931
,123.2628
,121.795
,119.71
,123.6749
,127.2077
,128.0305
,129.4064
,130.5165
2021-10-12,130.5146
2021-09-12,128.936
2021-08-12,127.8777
2021-07-12,125.9046
2021-06-12,123.5684
2021-03-12,125.6791
2021-02-12,126.1115
2021-01-12,125.2689
,123.2882
,123.4947
,124.5182
,127.3085
,126.7601
,126.6971
,124.8428
,127.7737
,127.615
,128.2358
,127.9441
2021-12-11,127.8162
2021-11-11,126.7011
2021-10-11,128.5292
2021-09-11,129.4627
2021-08-11,126.5553
2021-03-11,123.9671
2021-02-11,124.3528
2021-01-11,122.3731
,121.125
,120.5865
,125.1766
,124.2359
,122.3886
,123.5795
,124.0566
,123.8136
,125.353
,128.1334
,128.1077
,126.7329
2021-12-10,125.3865
2021-11-10,125.0833
2021-08-10,124.4168
2021-07-10,123.9085
2021-06-10,121.0031
2021-05-10,122.8085
2021-04-10,121.3677
2021-01-10,119.6067
,119.6375
,119.5144
,118.9551
,120.5259
,120.4051
,121.3543
,119.0567
,116.8253
,116.2739
,118.2959
,120.0889
,120.1809
,119.6825
,118.0007
2021-09-09,117.5904
2021-08-09,117.2561
2021-07-09,117.1723
2021-06-09,118.4129
2021-03-09,118.3232
2021-02-09,116.8384
2021-01-09,115.819
,115.0803
,114.5617
,112.8523
,111.3224
,111.2587
,110.7465
,108.5636
,110.1044
,112.2595
,112.4596
,112.9477
,113.2091
2021-12-08,113.4808
2021-11-08,111.6255
2021-10-08,111.3368
2021-09-08,113.7666
2021-06-08,115.0773
2021-05-08,114.8914
2021-04-08,116.3895
2021-03-08,118.247
2021-02-08,117.6043
,116.2014
,115.3692
,114.8053
,114.7306
,114.6399
,113.8497
,114.4246
,112.6394
,114.5825
,114.8708
,113.9896
,113.9917
,113.1638
2021-12-07,112.5196
2021-09-07,112.6712
2021-08-07,112.4426
2021-07-07,113.5351
2021-06-07,112.8844
2021-05-07,112.5249
2021-02-07,111.4249
2021-01-07,110.3494
,110.031
,109.7662
,110.4474
,110.5951
,109.1505
,109.382
,109.0671
,108.33
,107.7961
,107.7813
,108.9361
,109.4685
,109.3974
2021-11-06,108.2812
2021-10-06,107.8207
2021-09-06,106.6064
2021-08-06,107.8485
2021-07-06,107.8234
2021-04-06,106.6658
2021-03-06,106.1394
2021-02-06,105.6999
2021-01-06,104.9083
,105.8356
,105.3639
,104.8858
,104.5778
,104.7153
,105.2387
,104.4634
,103.873
,103.9913
,103.9544
,103.0522
,101.9095
2021-12-05,104.0749
2021-11-05,103.9738
2021-10-05,101.7622
2021-07-05,99.8228
2021-06-05,98.8142
2021-05-05,98.0632
2021-04-05,96.3119
2021-03-05,96.3213
,94.7152
,94.9422
,95.7304
,95.2842
,93.8119
,93.2959
,92.9617
,91.9398
,91.1552
,92.2092
,91.3154
,91.6968
2021-12-04,91.0016
2021-09-04,95.195
2021-08-04,93.6119
2021-07-04,92.4212
2021-06-04,91.8145
2021-05-04,90.8865
2021-01-04,90.4644
,89.0426
,89.5502
,87.4733
,86.5314
,88.0379
,89.6235
,89.3146
,88.3019
,85.3837
,85.7745
,87.8189
,87.2741
2021-12-03,87.2898
2021-10-03,87.4713
2021-09-03,87.5484
2021-08-03,87.5496
2021-05-03,86.7431
2021-04-03,88.2736
2021-03-03,87.3625
2021-02-03,86.9881
2021-01-03,85.2498
,83.5002
,83.7388
,82.0946
,81.801
,81.5641
,82.2455
,83.0797
,83.0735
,83.0116
,83.2045
2021-12-02,83.2503
2021-11-02,83.362
2021-10-02,83.4387
2021-09-02,83.4124
2021-08-02,83.0765
2021-05-02,82.0774
2021-04-02,82.3549
2021-03-02,82.0092
2021-02-02,80.7035
2021-01-02,80.247
,79.1266
,79.5197
,79.5643
,81.1978
,82.2957
,83.4044
,84.4445
,84.8174
,83.4649
,84.9691
,85.9377
,85.51
2021-12-01,85.5099
2021-11-01,85.8252
2021-08-01,85.6288
2021-07-01,83.8689
2021-06-01,84.3043
2021-05-01,84.2546
2021-04-01,83.323
2021-01-01,82.3932
,81.4326
,81.2929
,81.4013
,81.1267
,80.2602
,79.6855
,78.4177
,77.0238
,80.1387
,79.1871
,78.6263
,78.3565
,78.0139
2020-11-12,77.5891
2020-10-12,77.427
2020-09-12,77.5729
2020-08-12,77.2836
2020-07-12,77.8069
2020-04-12,76.5668
2020-03-12,75.7648
2020-02-12,75.2548
2020-01-12,74.4241
,72.6231
,71.7821
,71.1447
,71.9309
,71.0088
,70.1959
,70.0525
,70.3177
,69.9825
,68.9702
2020-12-11,68.6813
2020-11-11,68.1997
2020-10-11,68.1961
2020-09-11,68.7861
2020-06-11,68.6093
2020-05-11,68.4809
2020-04-11,66.9865
2020-03-11,66.3515
2020-02-11,66.0187
,65.9
,65.4769
,65.1878
,65.2039
,65.0052
,65.8442
,65.4607
,65.1698
,65.2917
,65.1275
,65.1479
,64.5317
,65.7957
,65.8073
2020-12-10,65.9921
2020-09-10,66.21
2020-08-10,66.806
2020-07-10,66.6421
2020-06-10,66.9087
2020-05-10,66.4188
2020-01-10,65.7441
,65.6953
,65.6623
,65.6529
,64.4883
,63.2843
,64.4889
,63.7533
,64.3706
,66.3189
,65.84
,66.0678
,65.1282
,64.2841
2020-11-09,63.7702
2020-10-09,63.4366
2020-09-09,62.2926
2020-08-09,62.5035
2020-07-09,63.1689
2020-04-09,63.092
2020-03-09,64.2449
2020-02-09,64.0911
2020-01-09,63.1221
,62.4756
,65.1476
,65.2944
,65.7181
,65.5694
,65.6934
,65.1165
,64.5637
,63.9355
,63.2825
,62.7396
,62.6453
,62.7383
2020-12-08,62.7556
2020-11-08,62.9986
2020-10-08,63.6204
2020-07-08,62.6111
2020-06-08,62.1361
2020-05-08,61.3384
2020-04-08,61.2955
2020-03-08,61.0398
,60.404
,59.5941
,60.131
,59.3323
,59.0559
,59.3358
,59.6438
,58.8762
,58.7706
,59.059
,58.54
,57.9806
,57.9193
,57.9919
,58.6437
2020-10-07,58.2981
2020-09-07,58.298
2020-08-07,58.0663
2020-07-07,57.935
2020-06-07,58.113
2020-03-07,57.1696
2020-02-07,56.5285
2020-01-07,56.3051
,56.3796
,56.9851
,57.5425
,57.854
,57.1358
,58.2561
,57.4547
,55.7688
,55.5556
,55.393
,54.8212
,54.2432
2020-12-06,54.6559
2020-11-06,54.4155
2020-10-06,54.8485
2020-09-06,54.6084
2020-08-06,55.1066
2020-05-06,55.0839
2020-04-06,54.1289
2020-03-06,54.1472
2020-02-06,54.0996
2020-01-06,53.8411
,53.2197
,52.9098
,52.6368
,52.2757
,52.314
,52.2025
,51.6204
,51.2438
,50.8905
,52.0253
,51.8594
,51.6134
2020-12-05,51.5599
2020-11-05,51.8446
2020-08-05,51.8829
2020-07-05,52.0884
2020-06-05,52.105
2020-05-05,51.7331
2020-04-05,51.7864
,51.9138
,51.8212
,51.7687
,51.6601
,50.3992
,50.6232
,49.9446
,49.9428
,50.5395
,50.8369
,50.6858
,49.9375
,49.7987
2020-09-04,49.7311
2020-08-04,48.5326
2020-07-04,46.715
2020-03-04,43.6407
2020-01-04,43.7147
,44.41
,42.9923
,43.3332
,43.3782
,41.754
,40.7455
,40.4996
,45.0055
,42.0994
,43.3121
,46.2054
,47.316
,50.2095
2020-12-03,49.2353
2020-11-03,53.3443
2020-09-03,53.6295
2020-06-03,56.1637
2020-05-03,57.1614
2020-04-03,56.517
2020-03-03,57.0181
2020-02-03,55.9281
,55.8033
,57.9347
,58.7661
,59.6428
,59.7133
,60.7193
,60.4177
,59.0137
,58.4797
,58.9999
,59.8924
2020-12-02,60.1219
2020-11-02,60.0588
2020-10-02,59.5773
2020-07-02,59.6584
2020-06-02,59.0951
2020-05-02,59.1907
2020-04-02,58.5763
2020-03-02,58.0425
,59.7157
,60.105
,60.8375
,60.5752
,60.6531
,60.4024
,59.7082
,58.8953
,58.7161
,58.5722
,58.7012
,58.5949
,58.4506
,58.2117
,57.4274
2020-10-01,57.0136
2020-09-01,57.0619
2020-08-01,56.1255
2020-07-01,56.2173
2020-06-01,55.6976
2020-03-01,56.778
2020-02-01,56.9688
2020-01-01,56.4189
,56.428
,56.5326
,56.3996
,55.9528
,55.7772
,55.9366
,56.0646
,56.0773
,55.8029
,56.0988
,55.9057
,56.418
2019-12-12,56.0762
2019-11-12,55.6148
2019-10-12,55.3357
2019-09-12,56.171
2019-06-12,56.2917
2019-05-12,56.7838
2019-04-12,57.0755
2019-03-12,56.965
2019-02-12,57.3629
,57.5918
,57.8483
,57.3408
,56.7251
,57.2265
,56.9015
,57.351
,57.4379
,57.3307
,57.0568
,56.681
,56.8178
,56.7102
2019-11-11,56.1837
2019-08-11,55.7464
2019-07-11,56.0601
2019-06-11,56.2854
2019-05-11,56.2048
2019-04-11,57.081
2019-01-11,57.082
,57.5153
,57.1014
,56.3999
,55.3999
,55.3504
,55.7765
,54.9854
,54.3253
,53.4189
,52.2996
,52.1496
,52.0063
2019-11-10,51.7157
2019-10-10,51.352
2019-09-10,52.1201
2019-07-10,51.5874
2019-04-10,51.5198
2019-03-10,52.4047
2019-01-10,52.3266
,53.0118
,53.9087
,53.9101
,53.4671
,53.8059
,54.1398
,52.9228
,49.8359
,50.4635
,50.1586
,51.1896
,51.9264
2019-12-09,51.6176
2019-11-09,52.1334
2019-09-09,52.2742
2019-06-09,51.6988
2019-05-09,51.037
2019-04-09,51.209
2019-03-09,51.1942
,51.4804
,50.9588
,51.4026
,51.1777
,50.2516
,49.2995
,48.9095
,49.596
,50.5713
,51.0307
,51.1022
,50.8535
,50.1615
2019-09-08,51.3738
2019-08-08,50.8515
2019-07-08,50.5197
2019-06-08,50.8886
2019-05-08,50.1618
2019-02-08,50.7078
2019-01-08,50.825
,51.5601
,51.1131
,51.739
,52.2139
,52.0065
,51.8181
,52.8834
,53.1347
,53.3029
,53.8307
,54.376
,54.6143
,54.2986
2019-12-07,54.3478
2019-11-07,53.9327
2019-10-07,53.5934
2019-09-07,54.1523
2019-08-07,53.6374
2019-05-07,54.9323
2019-04-07,55.6638
2019-03-07,55.5408
2019-02-07,55.5594
2019-01-07,55.465
,55.4608
,55.5133
,55.505
,55.1963
,54.9755
,55.0284
,55.0608
,54.2741
,54.8124
,54.7235
,55.4199
,55.8455
2019-12-06,55.9707
2019-11-06,56.3185
2019-10-06,56.1314
2019-07-06,55.7948
2019-06-06,55.8931
2019-04-06,56.8667
2019-03-06,57.1227
,56.6381
,56.7649
,56.6254
,57.4263
,57.5208
,56.0286
,54.2421
,54.1346
,54.0163
,54.7179
,52.7748
,52.4859
,52.2774
,52.7553
,52.5887
2019-10-05,53.7771
2019-09-05,53.7741
2019-08-05,54.0787
2019-07-05,54.8353
2019-06-05,55.4316
2019-03-05,56.0284
2019-02-05,55.9352
,56.3943
,57.1259
,56.7643
,57.071
,57.3451
,57.1436
,58.4115
,58.8978
,58.8563
2019-12-04,58.4221
2019-11-04,58.0274
2019-10-04,57.9961
2019-09-04,58.2334
2019-08-04,58.2362
2019-05-04,58.4231
2019-04-04,58.1116
2019-03-04,58.3833
2019-02-04,58.9318
2019-01-04,59.155
,58.9169
,58.3251
,57.885
,57.5931
,56.9177
,57.4623
,57.5133
,57.4891
,56.869
,56.9537
,56.7669
,56.7812
2019-12-03,57.1418
2019-11-03,56.8626
2019-08-03,55.8381
2019-07-03,56.2362
2019-06-03,55.9649
2019-05-03,55.7395
2019-01-03,54.1544
,53.7938
,53.519
,53.329
,53.6858
,53.304
,53.1862
,52.4495
,52.1016
,51.9001
,52.2324
,52.907
,52.7316
2019-12-02,53.0963
2019-11-02,53.4023
2019-08-02,54.4952
2019-07-02,55.5605
2019-06-02,55.0284
2019-05-02,54.7139
2019-04-02,54.9498
2019-01-02,54.9992
,55.4075
,55.4969
,54.9597
,54.6951
,55.5767
,56.285
,56.1867
,56.4879
,56.4626
,56.9596
,57.231
,57.5166
,57.5285
,57.3814
2019-11-01,57.5518
2019-10-01,57.7291
2019-09-01,57.493
2019-08-01,57.5187
2019-07-01,57.162
2019-04-01,57.1773
2019-03-01,56.4965
2019-02-01,56.9398
2019-01-01,57.4833
,57.2691
,57.186
,56.7148
,56.8744
,56.7621
,57.1987
,58.0018
,58.1022
,57.2413
,56.8786
,56.7611
,56.6467
2018-12-12,56.3105
2018-11-12,55.0014
2018-10-12,53.9016
2018-07-12,55.0268
2018-06-12,54.7688
2018-05-12,55.7834
2018-04-12,56.6321
2018-03-12,57.0556
,57.1898
,56.6811
,56.3766
,56.6766
,56.2998
,56.0409
,56.5687
,56.0644
,56.921
,56.938
,56.9165
,56.16
,56.0628
2018-12-11,55.9104
2018-09-11,56.356
2018-06-11,55.8355
2018-05-11,55.6086
2018-02-11,56.1832
2018-01-11,56.2748
,55.554
,54.8327
,54.6469
,53.1644
,53.3053
,53.591
,53.6692
,53.9897
,53.9527
,54.4636
,54.9143
,54.6268
2018-12-10,54.2766
2018-11-10,53.6189
2018-10-10,54.8105
2018-09-10,53.8919
2018-08-10,53.9097
2018-05-10,54.5873
2018-04-10,55.7746
2018-03-10,56.7677
2018-01-10,57.1071
,56.7032
,57.2837
,57.7739
,57.5402
,56.9356
,58.0538
,58.7545
,58.9816
,59.5565
,60.1101
2018-12-09,59.411
2018-11-09,58.9633
2018-10-09,59.8002
2018-07-09,60.6367
2018-06-09,60.2592
2018-05-09,59.5398
2018-04-09,59.7035
2018-03-09,60.3649
,60.7597
,60.5187
,60.5234
,60.6619
,60.4211
,60.1112
,60.0756
,59.8449
,59.7522
,59.2794
,58.7001
,58.948
,58.6216
2018-10-08,58.8225
2018-09-08,58.8757
2018-08-08,58.9247
2018-07-08,58.7823
2018-06-08,58.845
2018-03-08,58.8246
2018-02-08,58.5508
2018-01-08,58.8678
,58.7278
,58.5654
,58.5139
,58.1463
,58.0588
,58.0602
,57.6433
,57.2905
,57.0174
,57.1759
,57.3717
,56.9923
,57.4531
2018-12-07,57.5862
2018-11-07,57.3163
2018-10-07,57.6491
2018-09-07,57.3334
2018-06-07,56.9648
2018-05-07,56.8631
2018-04-07,56.8242
2018-03-07,56.6131
2018-02-07,56.3285
,56.4848
,56.1223
,56.499
,56.8186
,56.802
,57.1608
,57.0101
,57.1397
,57.0015
,57.2522
,57.1758
,57.3212
,57.3488
2018-12-06,57.4956
2018-11-06,57.1646
2018-08-06,56.9829
2018-07-06,56.9192
2018-06-06,56.5379
2018-05-06,56.0484
2018-04-06,56.2903
2018-01-06,56.7463
,57.1883
,56.9974
,57.0888
,57.3406
,56.9477
,56.3652
,56.4104
,56.8882
,56.7051
,57.0479
,57.4675
,57.4798
,57.6349
,57.9716
2018-11-05,58.1485
2018-10-05,57.7764
2018-09-05,57.9979
2018-08-05,58.0189
2018-07-05,58.0671
2018-04-05,57.8227
2018-03-05,58.0048
2018-02-05,58.4171
,58.8362
,58.5214
,58.2236
,58.0015
,57.9774
,57.8767
,57.7797
,58.0117
,57.8333
,57.8781
,57.7751
,57.5374
2018-12-04,57.4137
2018-11-04,57.5632
2018-10-04,57.5743
2018-09-04,57.5301
2018-06-04,57.4263
2018-05-04,57.1057
2018-04-04,56.5592
2018-03-04,57.0141
2018-02-04,56.8195
,55.9928
,55.9924
,56.1437
,55.7966
,55.1785
,55.4818
,55.5757
,55.4601
,55.234
,55.6619
,56.1515
,56.1494
,56.1963
2018-12-03,56.0497
2018-09-03,55.4893
2018-08-03,55.5861
2018-07-03,55.3347
2018-06-03,55.8812
2018-05-03,56.273
2018-01-03,56.7842
,56.9969
,57.0693
,57.1568
,56.6859
,56.0697
,56.1844
,56.1813
,56.2988
,56.5924
,56.9874
,57.1892
2018-12-02,57.0739
2018-09-02,56.448
2018-08-02,56.7201
2018-07-02,56.2631
2018-06-02,55.8448
2018-05-02,56.3622
2018-02-02,56.6489
2018-01-02,57.9965
,57.8254
,57.8925
,58.2284
,58.0873
,58.4006
,58.6221
,58.5472
,58.3372
,58.05
,58.5782
,58.2543
,58.8635
2018-12-01,58.7709
2018-11-01,58.7766
2018-10-01,58.5513
2018-09-01,58.7338
2018-08-01,58.681
2018-05-01,58.2755
2018-04-01,57.94
2018-03-01,57.6914
2018-02-01,57.4445
2018-01-01,57.7566
,57.9319
,57.6014
,57.7682
,57.8488
,57.0013
,56.8026
,56.7039
,56.7498
,56.1235
,55.9759
,55.5811
,55.5746
2017-12-12,55.9491
2017-11-12,56.4358
2017-08-12,56.3363
2017-07-12,55.7391
2017-06-12,55.3205
2017-05-12,55.7219
2017-04-12,55.7399
2017-01-12,55.5939
,55.8123
,56.0999
,56.2772
,56.3592
,56.331
,56.0366
,55.7742
,55.3008
,55.0608
,54.8416
,54.5761
,54.4504
,54.98
,54.9131
2017-10-11,55.296
2017-09-11,55.5355
2017-08-11,55.3957
2017-07-11,55.8834
2017-06-11,56.4759
2017-03-11,56.0156
2017-02-11,55.6619
2017-01-11,55.5844
,55.1752
,54.8878
,54.5508
,54.3216
,54.1578
,54.1148
,53.8459
,53.9667
,54.074
,53.8567
,53.7015
2017-12-10,53.6773
2017-11-10,53.4235
2017-10-10,53.808
2017-09-10,53.7749
2017-06-10,53.6176
2017-05-10,53.1179
2017-04-10,52.9694
2017-03-10,52.7802
,52.3224
,52.1137
,51.8133
,52.2702
,52.0166
,52.3697
,53.5512
,53.7644
,53.9021
,53.6369
,53.4129
,53.3451
,53.2516
2017-12-09,53.64
2017-11-09,53.2675
2017-08-09,53.1353
2017-07-09,52.8514
2017-06-09,52.6738
2017-05-09,52.7452
2017-04-09,52.3124
2017-01-09,52.3986
,52.0016
,51.4854
,51.0848
,51.4359
,51.1357
,51.3041
,51.0667
,51.1516
,51.3925
,51.4468
,51.4469
,51.0124
2017-11-08,50.7161
2017-10-08,50.8384
2017-09-08,51.5566
2017-08-08,51.8675
2017-07-08,51.999
2017-04-08,51.8016
2017-03-08,51.5464
2017-02-08,51.6228
2017-01-08,51.5924
,51.594
,51.6688
,51.6326
,51.7039
,51.6699
,51.5258
,51.6779
,51.6241
,51.7677
,51.5988
,52.1358
,51.9899
,52.1989
2017-12-07,51.7894
2017-11-07,51.6444
2017-10-07,51.7595
2017-07-07,51.6244
2017-06-07,51.78
2017-05-07,51.6977
2017-04-07,51.4155
2017-03-07,51.4957
,51.0428
,50.6024
,50.2621
,50.1662
,50.634
,51.0105
,51.1627
,51.3325
,51.0377
,50.8527
,50.7915
,50.6685
,50.7351
2017-12-06,50.8526
2017-09-06,50.9633
2017-08-06,50.9098
2017-07-06,50.9278
2017-06-06,50.9186
2017-05-06,51.1389
2017-02-06,50.8137
2017-01-06,50.5691
,50.086
,49.9086
,49.9694
,50.1525
,49.8005
,49.1609
,49.3919
,49.9904
,50.0984
,50.2709
,50.7513
,50.8546
,50.6543
2017-12-05,50.2195
2017-11-05,50.3709
2017-10-05,50.3488
2017-09-05,50.185
2017-08-05,49.9032
2017-05-05,49.5022
2017-04-05,49.5693
2017-03-05,49.208
2017-02-05,49.2748
,49.2122
,49.3447
,49.3174
,49.4499
,49.0819
,48.7205
,48.8744
,48.7705
,48.5394
,48.8076
,48.7427
2017-12-04,48.8076
2017-11-04,48.9793
2017-10-04,48.7858
2017-07-04,48.6746
2017-06-04,48.8463
2017-05-04,48.8466
2017-03-04,48.6439
,48.4738
,48.4946
,48.1492
,48.2353
,48.0176
,47.974
,47.9662
,47.7387
,48.0443
,48.1478
,47.9569
,47.8785
,47.6148
,47.5888
2017-10-03,47.2595
2017-09-03,47.3759
2017-08-03,47.4553
2017-07-03,47.5058
2017-06-03,47.3499
2017-03-03,47.2031
2017-02-03,46.725
2017-01-03,47.0151
,46.6798
,46.8116
,46.8451
,46.7794
,46.8724
,46.7
,46.5361
,46.3536
,45.9069
,46.1923
,46.2084
2017-10-02,46.1021
2017-09-02,46.1113
2017-08-02,46.1045
2017-07-02,46.1615
2017-06-02,46.4307
2017-03-02,46.0294
2017-02-02,46.135
2017-01-02,45.6344
,45.3401
,45.6634
,45.3839
,44.9529
,44.7528
,44.5136
,44.4805
,44.8812
,44.8719
,44.8612
,44.8403
,44.9041
2017-12-01,44.7539
2017-11-01,44.7656
2017-10-01,44.604
2017-09-01,44.6436
2017-06-01,44.6518
2017-05-01,44.893
2017-04-01,44.5042
2017-03-01,44.4973
2017-02-01,44.2947
,44.2716
,43.8966
,43.6725
,43.5595
,43.3163
,43.6648
,43.7165
,44.0413
,44.2162
,44.5271
,44.7426
,44.6701
,44.7197
,44.9278
2016-12-12,44.7589
2016-09-12,44.9309
2016-08-12,44.7777
2016-07-12,44.2018
2016-06-12,44.4492
2016-05-12,44.4293
2016-02-12,44.3674
2016-01-12,44.6774
,44.7168
,44.6202
,44.7225
,44.774
,44.3228
,44.318
,44.0172
,43.8571
,44.4224
,44.2919
,44.2087
,44.2038
2016-11-11,45.2801
2016-10-11,45.8432
2016-09-11,45.4669
2016-08-11,45.8786
2016-07-11,45.9982
2016-04-11,45.583
2016-03-11,46.1553
2016-02-11,46.4307
2016-01-11,46.714
,46.6386
,46.581
,46.6357
,47.111
,46.9967
,46.8826
,47.1875
,47.0649
,46.9436
,46.4484
,46.1983
,45.9896
2016-10-10,46.6929
2016-07-10,46.4383
2016-06-10,46.4291
2016-05-10,46.5896
2016-04-10,46.5193
2016-03-10,46.5561
,46.0515
,45.7798
,46.4962
,46.306
,46.3804
,46.6784
,46.727
,46.4944
,46.4957
,46.5887
,46.4991
,46.3212
,46.3593
2016-12-09,46.183
2016-09-09,46.7809
2016-08-09,46.9793
2016-07-09,46.8986
2016-06-09,46.8287
2016-02-09,46.6252
2016-01-09,46.4749
,46.7573
,46.8265
,46.5897
,46.5909
,46.7728
,46.9027
,46.5501
,46.6548
,46.8997
,46.7615
,46.7313
,46.1133
2016-12-08,46.2355
2016-11-08,46.2581
2016-10-08,46.2506
2016-09-08,46.7295
2016-08-08,47.0299
2016-05-08,46.6448
2016-04-08,45.6577
2016-03-08,45.6467
2016-02-08,45.8112
2016-01-08,46.1563
,46.0838
,46.2087
,46.2059
,46.1495
,46.28
,46.0221
,45.9055
,46.0671
,46.0677
,46.0924
,46.2723
,46.5461
,46.4546
2016-12-07,46.7207
2016-11-07,47.0822
2016-08-07,46.8158
2016-07-07,46.8895
2016-05-07,46.8559
2016-04-07,46.68
2016-01-07,46.6441
,46.6178
,46.3677
,46.274
,46.6667
,46.3518
,46.7506
,46.3291
,46.0443
,45.9361
,46.0859
,46.076
,46.2784
,46.0534
,45.9779
2016-10-06,46.0846
2016-09-06,46.1665
2016-08-06,46.1363
2016-07-06,45.9444
2016-06-06,45.9507
2016-03-06,46.0204
2016-02-06,45.8856
2016-01-06,45.9132
,45.7905
,45.9932
,46.1269
,45.7658
,45.6852
,45.2422
,45.2863
,45.456
,45.9576
,46.2503
,45.991
,45.9558
,46.1965
2016-12-05,46.361
2016-11-05,46.103
2016-10-05,45.8958
2016-09-05,45.8245
2016-06-05,45.2183
2016-05-05,44.7328
2016-04-05,45.0089
2016-03-05,45.2541
2016-02-05,45.4856
,45.2944
,45.131
,45.4187
,45.493
,45.3364
,45.4468
,45.4675
,45.5324
,45.5604
,45.259
2016-12-04,44.8656
2016-11-04,44.7769
2016-08-04,44.622
2016-07-04,44.5633
2016-06-04,44.7046
2016-05-04,44.5675
2016-04-04,44.8367
2016-01-04,44.909
,44.9562
,44.7303
,44.3582
,44.4202
,45.1516
,45.0016
,44.731
,44.4373
,44.37
,44.2036
,43.8922
,44.2556
2016-11-03,44.2162
2016-10-03,44.3317
2016-09-03,44.4453
2016-08-03,44.3815
2016-04-03,44.3695
2016-03-03,44.222
2016-02-03,43.6878
2016-01-03,43.3789
,42.6259
,42.7921
,42.7945
,42.8792
,43.25
,43.5553
,43.2208
,43.3155
,43.2199
,43.0777
,43.5587
2016-12-02,42.8915
2016-11-02,42.9294
2016-10-02,43.773
2016-09-02,43.8215
2016-08-02,44.0482
2016-05-02,44.0239
2016-04-02,43.5567
2016-03-02,43.6238
2016-02-02,44.0882
2016-01-02,44.4463
,44.524
,44.0616
,44.2096
,44.1217
,43.7916
,43.3958
,43.3523
,43.9695
,43.4943
,43.8217
,44.4203
,44.6923
2016-12-01,45.0379
2016-11-01,45.4949
2016-08-01,45.9423
2016-07-01,45.6282
2016-06-01,45.5699
2016-05-01,45.5268
2016-04-01,45.2516
2016-01-01,45.5737
,45.4427
,45.1147
,45.1986
,45.1978
,45.0668
,45.0817
,44.9345
,44.8511
,44.7304
,44.9241
,44.7086
,44.1356
,44.0177
2015-11-12,44.0887
2015-10-12,44.3488
2015-09-12,43.9016
2015-08-12,44.6029
2015-07-12,44.875
2015-04-12,44.8993
2015-03-12,44.8663
2015-02-12,44.8814
2015-01-12,44.8963
,44.8851
,44.7518
,44.7056
,44.6079
,44.5719
,44.6006
,44.5686
,44.3369
,44.3976
,44.3086
,44.4947
2015-10-11,44.2844
2015-09-11,44.5404
2015-06-11,44.5155
2015-05-11,44.4522
2015-04-11,44.4368
2015-03-11,44.4502
2015-02-11,44.3965
,44.5302
,44.8136
,45.0271
,44.9807
,45.0661
,45.0324
,45.1077
,44.922
,44.838
,44.667
,44.5964
,44.8045
2015-12-10,44.825
2015-09-10,44.9104
2015-08-10,44.8145
2015-07-10,44.9819
2015-06-10,45.1132
2015-05-10,45.0293
2015-01-10,44.6241
,44.3665
,44.1961
,44.3226
,44.3923
,44.4909
,44.4494
,44.6135
,44.5479
,44.237
,44.3774
,44.7141
2015-11-09,44.2894
2015-10-09,44.1792
2015-09-09,44.2422
2015-08-09,43.8319
2015-07-09,43.5462
2015-04-09,44.2901
2015-03-09,44.8316
2015-02-09,44.6353
2015-01-09,44.8299
,45.5376
,45.6951
,45.2391
,44.702
,44.6726
,44.5233
,46.8112
,46.9203
,47.1937
,47.1036
,47.1359
,47.0322
,46.8814
2015-12-08,46.8326
2015-11-08,47.1728
2015-10-08,47.2341
2015-07-08,47.2899
2015-06-08,47.273
2015-05-08,47.4126
2015-04-08,47.4579
2015-03-08,47.2923
,47.2648
,46.9749
,46.9588
,46.7418
,46.6649
,46.8783
,46.9692
,46.9556
,46.7045
,47.3233
,47.4565
,47.5014
,47.1169
,47.0765
,47.0181
2015-10-07,46.7161
2015-09-07,46.5648
2015-08-07,46.5091
2015-07-07,47.0003
2015-06-07,46.9771
2015-03-07,46.9281
2015-02-07,46.75
2015-01-07,46.7598
,46.4944
,46.3877
,46.6247
,46.6303
,46.6983
,46.7231
,46.7138
,46.3519
,46.288
,46.1466
,46.0275
,45.9768
2015-12-06,46.042
2015-11-06,45.8397
2015-10-06,46.4116
2015-09-06,45.844
2015-08-06,46.2913
2015-05-06,46.5337
2015-04-06,46.4376
2015-03-06,46.306
2015-02-06,46.7161
2015-01-06,47.2125
,47.2812
,47.0061
,46.8735
,46.7688
,46.7232
,46.8631
,46.8116
,46.756
,46.6403
,46.5611
,46.433
,46.1093
,46.19
2015-12-05,45.8605
2015-11-05,46.2114
2015-08-05,45.7721
2015-07-05,45.5237
2015-06-05,45.8819
2015-05-05,46.5402
2015-04-05,46.3984
,46.1647
,46.4326
,45.9896
,45.4246
,46.145
,46.7161
,46.7639
,46.6495
,46.8014
,46.9038
,47.308
,47.3503
,47.1096
2015-10-04,46.7435
2015-09-04,46.6422
2015-08-04,46.5189
2015-07-04,46.6399
2015-06-04,46.6118
,45.8432
,45.7778
,45.4589
,45.4437
,45.8806
,45.6127
,45.2108
,45.3497
,45.5074
,45.2129
,44.8675
,44.7028
,44.7963
2015-12-03,45.1561
2015-11-03,44.9324
2015-10-03,44.8872
2015-09-03,44.8287
2015-05-03,44.9791
2015-04-03,44.7062
2015-03-03,44.835
2015-02-03,44.8413
,44.5852
,44.2141
,44.5169
,44.3655
,44.2119
,44.1967
,43.954
,43.8536
,43.6674
,43.5809
2015-12-02,43.3558
2015-11-02,43.0751
2015-10-02,42.7744
2015-09-02,42.6551
2015-06-02,42.9024
2015-05-02,43.1618
2015-04-02,43.3804
2015-03-02,43.6408
2015-02-02,43.8334
,43.3838
,43.6312
,43.3233
,43.5299
,43.3195
,43.336
,43.5297
,43.2958
,43.3996
,43.3962
,43.3244
,43.0518
,43.0722
2015-12-01,42.7468
2015-09-01,42.3017
2015-08-01,42.1954
2015-07-01,41.8746
2015-06-01,41.9532
2015-05-01,42.5467
2015-02-01,42.5325
2015-01-01,42.4985
,42.2877
,42.1408
,42.102
,42.0191
,42.0098
,42.038
,42.2996
,42.0515
,41.9608
,41.5318
,41.7876
,42.1695
2014-12-12,42.3191
2014-11-12,42.5564
2014-10-12,42.7592
2014-09-12,42.8366
2014-08-12,43.158
2014-05-12,43.1095
2014-04-12,42.8363
2014-03-12,42.1938
2014-02-12,42.0164
2014-01-12,41.6301
,41.5949
,41.458
,41.4171
,41.4122
,41.7115
,41.6807
,41.6964
,41.5746
,41.6985
,41.5882
,41.4928
,41.4428
2014-12-11,41.5689
2014-11-11,41.2873
2014-10-11,41.189
2014-07-11,41.2118
2014-05-11,41.1598
2014-03-11,40.8047
,40.8608
,40.6577
,40.7219
,40.5753
,40.3569
,40.243
,40.2162
,40.0595
,39.82
,39.8599
,40.0185
,39.8658
2014-10-10,39.8034
2014-09-10,40.0505
2014-08-10,39.8984
2014-07-10,39.993
2014-01-10,40.0008
,39.8683
,39.8013
,39.662
,39.7424
,39.9335
,39.8477
,40.2295
,40.1908
,40.055
,39.6167
,39.6792
,40.1784
2014-12-09,39.9154
2014-11-09,40.0504
2014-10-09,40.079
2014-09-09,39.9404
2014-08-09,39.8876
2014-05-09,39.4447
2014-04-09,39.3929
2014-03-09,39.1931
2014-02-09,38.8758
2014-01-09,38.822
,38.6759
,38.7438
,38.5566
,38.5089
,38.229
,37.9101
,37.9221
,37.8322
,37.7987
,37.4988
,37.2429
2014-12-08,37.3673
2014-11-08,37.2669
2014-08-08,37.2728
2014-07-08,37.3269
2014-06-08,37.3793
2014-05-08,37.4906
2014-04-08,37.4721
2014-01-08,37.3011
,37.2912
,37.4191
,37.2808
,37.3283
,37.3938
,37.5776
,37.6725
,37.6895
,37.6211
,37.6555
,37.5456
,37.0449
,36.7263
2014-11-07,36.7241
2014-10-07,37.0771
2014-09-07,36.9564
2014-08-07,37.1313
2014-07-07,37.5056
2014-04-07,37.496
2014-03-07,37.3962
2014-02-07,37.4514
2014-01-07,36.9762
,36.9414
,36.7123
,36.6332
,36.6885
,36.5613
,36.4175
,36.557
,36.5263
,36.65
,36.621
,36.5217
,36.4924
2014-12-06,36.7601
2014-11-06,36.8234
2014-10-06,36.9468
2014-09-06,36.8518
2014-06-06,36.5904
2014-05-06,36.399
2014-04-06,36.2579
2014-03-06,36.1302
2014-02-06,36.0403
,35.808
,35.7832
,35.8232
,35.6921
,35.7583
,35.962
,35.9131
,35.7331
,35.5816
,35.3626
,35.2264
,35.1011
,35.1825
2014-12-05,35.0663
2014-09-05,35.1143
2014-08-05,34.9568
2014-07-05,34.9808
2014-06-05,35.0292
2014-05-05,35.0838
2014-02-05,35.0865
,35.1457
,35.3096
,35.4212
,35.3158
,35.277
,35.2249
,35.2201
,35.0202
,34.8088
,34.8415
2014-11-04,34.8263
2014-10-04,34.6955
2014-09-04,34.6294
2014-07-04,34.5081
2014-04-04,34.5208
2014-03-04,34.4587
2014-02-04,34.4663
2014-01-04,34.4386
,34.3716
,34.2524
,34.1115
,33.998
,33.9937
,34.0039
,33.9409
,33.9027
,33.908
,33.8637
,33.8191
,33.8708
2014-12-03,33.918
2014-11-03,33.9443
2014-10-03,33.8479
2014-07-03,33.8733
2014-06-03,33.822
2014-05-03,33.72
2014-04-03,33.6518
2014-03-03,33.4822
,33.4958
,33.5375
,33.443
,33.4027
,33.2961
,33.2042
,33.2091
,33.2698
,33.1427
,33.0458
,33.0386
2014-12-02,33.0892
2014-11-02,33.0822
2014-10-02,33.1096
2014-07-02,33.0979
2014-06-02,33.0351
2014-05-02,33.0271
2014-04-02,32.9965
2014-03-02,33.0118
,33.0176
,32.9481
,33.059
,33.0627
,33.1357
,33.2323
,33.2825
,33.271
,33.2731
,33.2606
,33.1938
,33.2535
,33.2341
,33.185
,33.1891
2014-10-01,33.1133
2014-09-01,33.1135
2014-08-01,33.1048
2014-07-01,33.1179
2014-06-01,33.1183
2014-03-01,33.2596
2014-02-01,33.2215
2014-01-01,33.2578
,33.267
,33.2426
,33.2216
,33.1844
,33.1496
,33.1548
,33.09
,33.0843
,33.0031
,32.9813
,32.834
,32.8574
,32.807
2013-12-12,32.8431
2013-11-12,32.8339
2013-10-12,32.8561
2013-09-12,32.8598
2013-06-12,32.8026
2013-05-12,32.8103
2013-04-12,32.7606
2013-03-12,32.7924
2013-02-12,32.7932
,32.7537
,32.7085
,32.6643
,32.5796
,32.5583
,32.5096
,32.488
,32.5391
,32.5017
,32.4751
,32.4474
,32.4418
,32.4322
2013-12-11,32.3947
2013-11-11,32.4955
2013-08-11,32.5316
2013-07-11,32.5983
2013-06-11,32.6265
2013-05-11,32.7174
2013-04-11,32.6618
2013-01-11,32.6454
,32.6518
,32.6125
,32.6515
,32.5484
,32.5173
,32.5346
,32.5233
,32.4872
,32.4775
,32.4268
,32.3189
,32.2938
,32.2883
,32.3093
2013-11-10,32.3317
2013-10-10,32.301
2013-09-10,32.3213
2013-08-10,32.2513
2013-07-10,32.1285
2013-04-10,32.0989
2013-03-10,32.0673
2013-02-10,31.974
2013-01-10,31.9686
,31.9301
,31.9532
,31.916
,31.8851
,31.8426
,31.8585
,31.934
,32.0075
,31.8899
,31.8351
,31.8692
,31.8004
2013-12-09,31.7783
2013-11-09,31.7662
2013-10-09,31.733
2013-06-09,31.6505
2013-05-09,31.6593
2013-04-09,31.5182
2013-03-09,31.4503
2013-02-09,31.5122
,31.4007
,31.3412
,31.3056
,31.403
,31.5711
,31.5853
,31.477
,31.4778
,31.2916
,31.2745
,31.4561
,31.5721
,31.6179
2013-12-08,31.6104
2013-08-08,31.6269
2013-07-08,31.5634
2013-06-08,31.5344
2013-05-08,31.5483
2013-02-08,31.5368
2013-01-08,31.5515
,31.463
,31.5287
,31.5584
,31.591
,31.5939
,31.3712
,31.5579
,31.5924
,31.6159
,31.6192
,31.5346
,31.5549
,31.8193
2013-12-07,31.8051
2013-11-07,31.757
2013-10-07,31.7128
2013-09-07,31.7138
2013-08-07,31.6958
2013-05-07,31.7308
2013-04-07,31.7005
2013-03-07,31.6149
2013-02-07,31.6447
2013-01-07,31.6354
,31.6061
,31.551
,31.5682
,31.5983
,31.5935
,31.5604
,30.9819
,31.6167
,31.6199
,31.6026
,31.5823
,31.5726
2013-12-06,31.5693
2013-11-06,31.5828
2013-10-06,31.6326
2013-07-06,31.6497
2013-06-06,31.6568
2013-05-06,31.6295
2013-04-06,31.6364
2013-03-06,31.5998
,31.6046
,31.6382
,31.6166
,31.6184
,31.6336
,31.6135
,31.6113
,31.5981
,31.5881
,31.5989
,31.5851
,31.5827
,31.5899
,31.5705
,31.4879
2013-10-05,31.4982
2013-09-05,31.4968
2013-08-05,31.4751
2013-07-05,31.4319
2013-06-05,31.3995
2013-03-05,31.3656
2013-02-05,31.3834
,31.3503
,31.3398
,31.3278
,31.3033
,31.2657
,31.2609
,31.2718
,31.2458
,31.2408
,31.1958
,31.1787
,31.1685
2013-12-04,31.1464
2013-11-04,31.1374
2013-10-04,31.1225
2013-09-04,31.1389
2013-08-04,31.1187
2013-05-04,31.0949
2013-04-04,31.0996
2013-03-04,31.0919
2013-02-04,31.0775
2013-01-04,31.055
,31.0185
,31.0136
,30.9902
,30.9981
,30.9812
,30.9869
,30.9819
,30.9834
,30.9884
,30.9911
,30.9591
,30.9439
2013-12-03,30.9494
2013-11-03,30.9535
2013-08-03,30.9455
2013-07-03,30.9351
2013-06-03,30.9339
2013-05-03,30.9255
2013-04-03,30.9006
2013-01-03,30.8771
,30.8823
,30.8692
,30.8517
,30.8655
,30.6784
,30.6841
,30.7038
,30.6778
,30.6588
,30.6442
,30.648
,30.693
2013-12-02,30.6846
2013-11-02,30.5643
2013-08-02,30.6813
2013-07-02,30.6882
2013-06-02,30.7067
2013-05-02,30.6673
2013-04-02,30.7231
2013-01-02,30.7201
,30.6763
,30.6441
,30.674
,30.6878
,30.6611
,30.6574
,30.6688
,30.6627
,30.6574
,30.658
,30.6565
,30.6804
,30.6993
,30.6862
2013-11-01,30.6305
2013-10-01,30.6784
2013-09-01,30.6492
2013-08-01,30.6239
2013-07-01,30.6076
